,6,mensage
0,"""0003626881""",CANNOT_INSERT_UPDATE_ACTIVATE_ENTITY:AccountTrigger
1,"""0003604299""",CANNOT_INSERT_UPDATE_ACTIVATE_ENTITY:AccountTrigger
2,"""0003662334""",CANNOT_INSERT_UPDATE_ACTIVATE_ENTITY:AccountTrigger
3,"""0003678891""",CANNOT_INSERT_UPDATE_ACTIVATE_ENTITY:AccountTrigger
4,"""0003693120""",CANNOT_INSERT_UPDATE_ACTIVATE_ENTITY:AccountTrigger
5,"""0003541226""",CANNOT_INSERT_UPDATE_ACTIVATE_ENTITY:AccountTrigger
6,"""0003674855""",CANNOT_INSERT_UPDATE_ACTIVATE_ENTITY:AccountTrigger
7,"""0001937831""",CANNOT_INSERT_UPDATE_ACTIVATE_ENTITY:AccountTrigger
8,"""0001938070""",CANNOT_INSERT_UPDATE_ACTIVATE_ENTITY:AccountTrigger
9,"""0001937967""",CANNOT_INSERT_UPDATE_ACTIVATE_ENTITY:AccountTrigger
10,"""0001105734""",CANNOT_INSERT_UPDATE_ACTIVATE_ENTITY:AccountTrigger
11,"""0001975372""",CANNOT_INSERT_UPDATE_ACTIVATE_ENTITY:AccountTrigger
12,"""0001937993""",CANNOT_INSERT_UPDATE_ACTIVATE_ENTITY:AccountTrigger
13,"""0001956090""",CANNOT_INSERT_UPDATE_ACTIVATE_ENTITY:AccountTrigger
14,"""0003730932""",CANNOT_INSERT_UPDATE_ACTIVATE_ENTITY:AccountTrigger
15,"""0003958844""",CANNOT_INSERT_UPDATE_ACTIVATE_ENTITY:AccountTrigger
16,"""0003636796""",CANNOT_INSERT_UPDATE_ACTIVATE_ENTITY:AccountTrigger
17,"""0003750156""",CANNOT_INSERT_UPDATE_ACTIVATE_ENTITY:AccountTrigger
18,"""0003826708""",CANNOT_INSERT_UPDATE_ACTIVATE_ENTITY:AccountTrigger
19,"""0003583582""",CANNOT_INSERT_UPDATE_ACTIVATE_ENTITY:AccountTrigger
20,"""0003695001""",CANNOT_INSERT_UPDATE_ACTIVATE_ENTITY:AccountTrigger
21,"""0001936999""",CANNOT_INSERT_UPDATE_ACTIVATE_ENTITY:AccountTrigger
22,"""0001937274""",CANNOT_INSERT_UPDATE_ACTIVATE_ENTITY:AccountTrigger
23,"""0003673165""",CANNOT_INSERT_UPDATE_ACTIVATE_ENTITY:AccountTrigger
24,"""0000988314""",CANNOT_INSERT_UPDATE_ACTIVATE_ENTITY:AccountTrigger
25,"""0001258261""",CANNOT_INSERT_UPDATE_ACTIVATE_ENTITY:AccountTrigger
26,"""0001937379""",CANNOT_INSERT_UPDATE_ACTIVATE_ENTITY:AccountTrigger
27,"""0003541149""",CANNOT_INSERT_UPDATE_ACTIVATE_ENTITY:AccountTrigger
28,"""0001937687""",CANNOT_INSERT_UPDATE_ACTIVATE_ENTITY:AccountTrigger
29,"""0001937099""",CANNOT_INSERT_UPDATE_ACTIVATE_ENTITY:AccountTrigger
30,"""0001937819""",CANNOT_INSERT_UPDATE_ACTIVATE_ENTITY:AccountTrigger
31,"""0003543778""",CANNOT_INSERT_UPDATE_ACTIVATE_ENTITY:AccountTrigger
32,"""0001938440""",CANNOT_INSERT_UPDATE_ACTIVATE_ENTITY:AccountTrigger
33,"""0000918482""",CANNOT_INSERT_UPDATE_ACTIVATE_ENTITY:AccountTrigger
34,"""0003918947""",CANNOT_INSERT_UPDATE_ACTIVATE_ENTITY:AccountTrigger
35,"""0003582782""",CANNOT_INSERT_UPDATE_ACTIVATE_ENTITY:AccountTrigger
36,"""0001976821""",CANNOT_INSERT_UPDATE_ACTIVATE_ENTITY:AccountTrigger
37,"""0001083620""",CANNOT_INSERT_UPDATE_ACTIVATE_ENTITY:AccountTrigger
38,"""0001937651""",CANNOT_INSERT_UPDATE_ACTIVATE_ENTITY:AccountTrigger
39,"""0003600584""",CANNOT_INSERT_UPDATE_ACTIVATE_ENTITY:AccountTrigger
40,"""0003582319""",CANNOT_INSERT_UPDATE_ACTIVATE_ENTITY:AccountTrigger
41,"""0001265146""",CANNOT_INSERT_UPDATE_ACTIVATE_ENTITY:AccountTrigger
42,"""0003571111""",CANNOT_INSERT_UPDATE_ACTIVATE_ENTITY:AccountTrigger
43,"""0003732045""",CANNOT_INSERT_UPDATE_ACTIVATE_ENTITY:AccountTrigger
44,"""0001106974""",CANNOT_INSERT_UPDATE_ACTIVATE_ENTITY:AccountTrigger
45,"""0003729633""",CANNOT_INSERT_UPDATE_ACTIVATE_ENTITY:AccountTrigger
46,"""0003558172""",CANNOT_INSERT_UPDATE_ACTIVATE_ENTITY:AccountTrigger
47,"""0001977664""",CANNOT_INSERT_UPDATE_ACTIVATE_ENTITY:AccountTrigger
48,"""0003576575""",CANNOT_INSERT_UPDATE_ACTIVATE_ENTITY:AccountTrigger
49,"""0001973427""",CANNOT_INSERT_UPDATE_ACTIVATE_ENTITY:AccountTrigger
50,"""0001937323""",CANNOT_INSERT_UPDATE_ACTIVATE_ENTITY:AccountTrigger
51,"""0001312424""",CANNOT_INSERT_UPDATE_ACTIVATE_ENTITY:AccountTrigger
52,"""0003657867""",CANNOT_INSERT_UPDATE_ACTIVATE_ENTITY:AccountTrigger
53,"""0001938375""",CANNOT_INSERT_UPDATE_ACTIVATE_ENTITY:AccountTrigger
54,"""0003615955""",CANNOT_INSERT_UPDATE_ACTIVATE_ENTITY:AccountTrigger
55,"""0003938606""",CANNOT_INSERT_UPDATE_ACTIVATE_ENTITY:AccountTrigger
56,"""0003593738""",CANNOT_INSERT_UPDATE_ACTIVATE_ENTITY:AccountTrigger
57,"""0001936877""",CANNOT_INSERT_UPDATE_ACTIVATE_ENTITY:AccountTrigger
58,"""0003712932""",CANNOT_INSERT_UPDATE_ACTIVATE_ENTITY:AccountTrigger
59,"""0003862531""",CANNOT_INSERT_UPDATE_ACTIVATE_ENTITY:AccountTrigger
60,"""0001189017""",CANNOT_INSERT_UPDATE_ACTIVATE_ENTITY:AccountTrigger
61,"""0003603581""",CANNOT_INSERT_UPDATE_ACTIVATE_ENTITY:AccountTrigger
62,"""0003555401""",CANNOT_INSERT_UPDATE_ACTIVATE_ENTITY:AccountTrigger
63,"""0001936700""",CANNOT_INSERT_UPDATE_ACTIVATE_ENTITY:AccountTrigger
64,"""0003603891""",CANNOT_INSERT_UPDATE_ACTIVATE_ENTITY:AccountTrigger
65,"""0003592907""",CANNOT_INSERT_UPDATE_ACTIVATE_ENTITY:AccountTrigger
66,"""0003600602""",CANNOT_INSERT_UPDATE_ACTIVATE_ENTITY:AccountTrigger
67,"""0003567400""",CANNOT_INSERT_UPDATE_ACTIVATE_ENTITY:AccountTrigger
68,"""0001953296""",CANNOT_INSERT_UPDATE_ACTIVATE_ENTITY:AccountTrigger
69,"""0001189016""",CANNOT_INSERT_UPDATE_ACTIVATE_ENTITY:AccountTrigger
70,"""0003755012""",CANNOT_INSERT_UPDATE_ACTIVATE_ENTITY:AccountTrigger
71,"""0003680598""",CANNOT_INSERT_UPDATE_ACTIVATE_ENTITY:AccountTrigger
72,"""0001977635""",CANNOT_INSERT_UPDATE_ACTIVATE_ENTITY:AccountTrigger
73,"""0003559381""",CANNOT_INSERT_UPDATE_ACTIVATE_ENTITY:AccountTrigger
74,"""0001938282""",CANNOT_INSERT_UPDATE_ACTIVATE_ENTITY:AccountTrigger
75,"""0001938555""",CANNOT_INSERT_UPDATE_ACTIVATE_ENTITY:AccountTrigger
76,"""0003819371""",CANNOT_INSERT_UPDATE_ACTIVATE_ENTITY:AccountTrigger
77,"""0003683571""",CANNOT_INSERT_UPDATE_ACTIVATE_ENTITY:AccountTrigger
78,"""0003603363""",CANNOT_INSERT_UPDATE_ACTIVATE_ENTITY:AccountTrigger
79,"""0003552082""",CANNOT_INSERT_UPDATE_ACTIVATE_ENTITY:AccountTrigger
80,"""0003699779""",CANNOT_INSERT_UPDATE_ACTIVATE_ENTITY:AccountTrigger
81,"""0003715832""",CANNOT_INSERT_UPDATE_ACTIVATE_ENTITY:AccountTrigger
82,"""0001938259""",CANNOT_INSERT_UPDATE_ACTIVATE_ENTITY:AccountTrigger
83,"""0001937700""",CANNOT_INSERT_UPDATE_ACTIVATE_ENTITY:AccountTrigger
84,"""0003576565""",CANNOT_INSERT_UPDATE_ACTIVATE_ENTITY:AccountTrigger
85,"""0001937859""",CANNOT_INSERT_UPDATE_ACTIVATE_ENTITY:AccountTrigger
86,"""0003744256""",CANNOT_INSERT_UPDATE_ACTIVATE_ENTITY:AccountTrigger
87,"""0003755015""",CANNOT_INSERT_UPDATE_ACTIVATE_ENTITY:AccountTrigger
88,"""0003855548""",CANNOT_INSERT_UPDATE_ACTIVATE_ENTITY:AccountTrigger
89,"""0003663217""",CANNOT_INSERT_UPDATE_ACTIVATE_ENTITY:AccountTrigger
90,"""0003754969""",CANNOT_INSERT_UPDATE_ACTIVATE_ENTITY:AccountTrigger
91,"""0003543211""",CANNOT_INSERT_UPDATE_ACTIVATE_ENTITY:AccountTrigger
92,"""0001938586""",CANNOT_INSERT_UPDATE_ACTIVATE_ENTITY:AccountTrigger
93,"""0001975796""",CANNOT_INSERT_UPDATE_ACTIVATE_ENTITY:AccountTrigger
94,"""0001142631""",CANNOT_INSERT_UPDATE_ACTIVATE_ENTITY:AccountTrigger
95,"""0003733496""",CANNOT_INSERT_UPDATE_ACTIVATE_ENTITY:AccountTrigger
96,"""0003671459""",CANNOT_INSERT_UPDATE_ACTIVATE_ENTITY:AccountTrigger
97,"""0001937239""",CANNOT_INSERT_UPDATE_ACTIVATE_ENTITY:AccountTrigger
98,"""0003603623""",CANNOT_INSERT_UPDATE_ACTIVATE_ENTITY:AccountTrigger
99,"""0001937867""",CANNOT_INSERT_UPDATE_ACTIVATE_ENTITY:AccountTrigger
100,"""0001937193""",CANNOT_INSERT_UPDATE_ACTIVATE_ENTITY:AccountTrigger
101,"""0003603430""",CANNOT_INSERT_UPDATE_ACTIVATE_ENTITY:AccountTrigger
102,"""0003565836""",CANNOT_INSERT_UPDATE_ACTIVATE_ENTITY:AccountTrigger
103,"""0001938392""",CANNOT_INSERT_UPDATE_ACTIVATE_ENTITY:AccountTrigger
104,"""0003560959""",CANNOT_INSERT_UPDATE_ACTIVATE_ENTITY:AccountTrigger
105,"""0003725853""",CANNOT_INSERT_UPDATE_ACTIVATE_ENTITY:AccountTrigger
106,"""0003562791""",CANNOT_INSERT_UPDATE_ACTIVATE_ENTITY:AccountTrigger
107,"""0001937950""",CANNOT_INSERT_UPDATE_ACTIVATE_ENTITY:AccountTrigger
108,"""0003911317""",CANNOT_INSERT_UPDATE_ACTIVATE_ENTITY:AccountTrigger
109,"""0001938167""",CANNOT_INSERT_UPDATE_ACTIVATE_ENTITY:AccountTrigger
110,"""0003650585""",CANNOT_INSERT_UPDATE_ACTIVATE_ENTITY:AccountTrigger
111,"""0001937224""",CANNOT_INSERT_UPDATE_ACTIVATE_ENTITY:AccountTrigger
112,"""0003066417""",CANNOT_INSERT_UPDATE_ACTIVATE_ENTITY:AccountTrigger
113,"""0003616598""",CANNOT_INSERT_UPDATE_ACTIVATE_ENTITY:AccountTrigger
114,"""0003896920""",CANNOT_INSERT_UPDATE_ACTIVATE_ENTITY:AccountTrigger
115,"""0001977626""",CANNOT_INSERT_UPDATE_ACTIVATE_ENTITY:AccountTrigger
116,"""0001958787""",CANNOT_INSERT_UPDATE_ACTIVATE_ENTITY:AccountTrigger
117,"""0001936800""",CANNOT_INSERT_UPDATE_ACTIVATE_ENTITY:AccountTrigger
118,"""0003740399""",CANNOT_INSERT_UPDATE_ACTIVATE_ENTITY:AccountTrigger
119,"""0003878386""",CANNOT_INSERT_UPDATE_ACTIVATE_ENTITY:AccountTrigger
120,"""0003618231""",CANNOT_INSERT_UPDATE_ACTIVATE_ENTITY:AccountTrigger
121,"""0001958680""",CANNOT_INSERT_UPDATE_ACTIVATE_ENTITY:AccountTrigger
122,"""0001938277""",CANNOT_INSERT_UPDATE_ACTIVATE_ENTITY:AccountTrigger
123,"""0001962191""",CANNOT_INSERT_UPDATE_ACTIVATE_ENTITY:AccountTrigger
124,"""0003897312""",CANNOT_INSERT_UPDATE_ACTIVATE_ENTITY:AccountTrigger
125,"""0003916407""",CANNOT_INSERT_UPDATE_ACTIVATE_ENTITY:AccountTrigger
126,"""0003674254""",CANNOT_INSERT_UPDATE_ACTIVATE_ENTITY:AccountTrigger
127,"""0003571230""",CANNOT_INSERT_UPDATE_ACTIVATE_ENTITY:AccountTrigger
128,"""0003625784""",CANNOT_INSERT_UPDATE_ACTIVATE_ENTITY:AccountTrigger
129,"""0001938374""",CANNOT_INSERT_UPDATE_ACTIVATE_ENTITY:AccountTrigger
130,"""0001938202""",CANNOT_INSERT_UPDATE_ACTIVATE_ENTITY:AccountTrigger
131,"""0001937510""",CANNOT_INSERT_UPDATE_ACTIVATE_ENTITY:AccountTrigger
132,"""0003675467""",CANNOT_INSERT_UPDATE_ACTIVATE_ENTITY:AccountTrigger
133,"""0001938049""",CANNOT_INSERT_UPDATE_ACTIVATE_ENTITY:AccountTrigger
134,"""0003905046""",CANNOT_INSERT_UPDATE_ACTIVATE_ENTITY:AccountTrigger
135,"""0003946073""",CANNOT_INSERT_UPDATE_ACTIVATE_ENTITY:AccountTrigger
136,"""0003947043""",CANNOT_INSERT_UPDATE_ACTIVATE_ENTITY:AccountTrigger
137,"""0003616637""",CANNOT_INSERT_UPDATE_ACTIVATE_ENTITY:AccountTrigger
138,"""0003933886""",CANNOT_INSERT_UPDATE_ACTIVATE_ENTITY:AccountTrigger
139,"""0003755886""",CANNOT_INSERT_UPDATE_ACTIVATE_ENTITY:AccountTrigger
140,"""0003917797""",CANNOT_INSERT_UPDATE_ACTIVATE_ENTITY:AccountTrigger
141,"""0003603425""",CANNOT_INSERT_UPDATE_ACTIVATE_ENTITY:AccountTrigger
142,"""0001215297""",CANNOT_INSERT_UPDATE_ACTIVATE_ENTITY:AccountTrigger
143,"""0001937537""",CANNOT_INSERT_UPDATE_ACTIVATE_ENTITY:AccountTrigger
144,"""0003564903""",CANNOT_INSERT_UPDATE_ACTIVATE_ENTITY:AccountTrigger
145,"""0001937043""",CANNOT_INSERT_UPDATE_ACTIVATE_ENTITY:AccountTrigger
146,"""0001978141""",CANNOT_INSERT_UPDATE_ACTIVATE_ENTITY:AccountTrigger
147,"""0001937916""",CANNOT_INSERT_UPDATE_ACTIVATE_ENTITY:AccountTrigger
148,"""0003625022""",CANNOT_INSERT_UPDATE_ACTIVATE_ENTITY:AccountTrigger
149,"""0003919396""",CANNOT_INSERT_UPDATE_ACTIVATE_ENTITY:AccountTrigger
150,"""0003915021""",CANNOT_INSERT_UPDATE_ACTIVATE_ENTITY:AccountTrigger
151,"""0000914597""",CANNOT_INSERT_UPDATE_ACTIVATE_ENTITY:AccountTrigger
152,"""0003874986""",CANNOT_INSERT_UPDATE_ACTIVATE_ENTITY:AccountTrigger
153,"""0003567308""",CANNOT_INSERT_UPDATE_ACTIVATE_ENTITY:AccountTrigger
154,"""0001936774""",CANNOT_INSERT_UPDATE_ACTIVATE_ENTITY:AccountTrigger
155,"""0001937453""",CANNOT_INSERT_UPDATE_ACTIVATE_ENTITY:AccountTrigger
156,"""0001938368""",CANNOT_INSERT_UPDATE_ACTIVATE_ENTITY:AccountTrigger
157,"""0001146748""",CANNOT_INSERT_UPDATE_ACTIVATE_ENTITY:AccountTrigger
158,"""0001936758""",CANNOT_INSERT_UPDATE_ACTIVATE_ENTITY:AccountTrigger
159,"""0000990852""",CANNOT_INSERT_UPDATE_ACTIVATE_ENTITY:AccountTrigger
160,"""0003716498""",CANNOT_INSERT_UPDATE_ACTIVATE_ENTITY:AccountTrigger
161,"""0003581473""",CANNOT_INSERT_UPDATE_ACTIVATE_ENTITY:AccountTrigger
162,"""0003960218""",CANNOT_INSERT_UPDATE_ACTIVATE_ENTITY:AccountTrigger
163,"""0003939231""",CANNOT_INSERT_UPDATE_ACTIVATE_ENTITY:AccountTrigger
164,"""0001937483""",CANNOT_INSERT_UPDATE_ACTIVATE_ENTITY:AccountTrigger
165,"""0003900582""",CANNOT_INSERT_UPDATE_ACTIVATE_ENTITY:AccountTrigger
166,"""0003947265""",CANNOT_INSERT_UPDATE_ACTIVATE_ENTITY:AccountTrigger
167,"""0003627568""",CANNOT_INSERT_UPDATE_ACTIVATE_ENTITY:AccountTrigger
168,"""0003962812""",CANNOT_INSERT_UPDATE_ACTIVATE_ENTITY:AccountTrigger
169,"""0003828192""",CANNOT_INSERT_UPDATE_ACTIVATE_ENTITY:AccountTrigger
170,"""0003950001""",CANNOT_INSERT_UPDATE_ACTIVATE_ENTITY:AccountTrigger
171,"""0003892771""",CANNOT_INSERT_UPDATE_ACTIVATE_ENTITY:AccountTrigger
172,"""0003968455""",CANNOT_INSERT_UPDATE_ACTIVATE_ENTITY:AccountTrigger
173,"""0003746824""",CANNOT_INSERT_UPDATE_ACTIVATE_ENTITY:AccountTrigger
174,"""0003546115""",CANNOT_INSERT_UPDATE_ACTIVATE_ENTITY:AccountTrigger
175,"""0003603576""",CANNOT_INSERT_UPDATE_ACTIVATE_ENTITY:AccountTrigger
176,"""0001937328""",CANNOT_INSERT_UPDATE_ACTIVATE_ENTITY:AccountTrigger
177,"""0001967563""",CANNOT_INSERT_UPDATE_ACTIVATE_ENTITY:AccountTrigger
178,"""0003916395""",CANNOT_INSERT_UPDATE_ACTIVATE_ENTITY:AccountTrigger
179,"""0003622752""",CANNOT_INSERT_UPDATE_ACTIVATE_ENTITY:AccountTrigger
180,"""0003767448""",CANNOT_INSERT_UPDATE_ACTIVATE_ENTITY:AccountTrigger
181,"""0003948503""",CANNOT_INSERT_UPDATE_ACTIVATE_ENTITY:AccountTrigger
182,"""0003763866""",CANNOT_INSERT_UPDATE_ACTIVATE_ENTITY:AccountTrigger
183,"""0001938280""",CANNOT_INSERT_UPDATE_ACTIVATE_ENTITY:AccountTrigger
184,"""0003891345""",CANNOT_INSERT_UPDATE_ACTIVATE_ENTITY:AccountTrigger
185,"""0001138281""",CANNOT_INSERT_UPDATE_ACTIVATE_ENTITY:AccountTrigger
186,"""0003932649""",CANNOT_INSERT_UPDATE_ACTIVATE_ENTITY:AccountTrigger
187,"""0002489895""",CANNOT_INSERT_UPDATE_ACTIVATE_ENTITY:AccountTrigger
188,"""0003552696""",CANNOT_INSERT_UPDATE_ACTIVATE_ENTITY:AccountTrigger
189,"""0001280436""",CANNOT_INSERT_UPDATE_ACTIVATE_ENTITY:AccountTrigger
190,"""0001937420""",CANNOT_INSERT_UPDATE_ACTIVATE_ENTITY:AccountTrigger
191,"""0003893071""",CANNOT_INSERT_UPDATE_ACTIVATE_ENTITY:AccountTrigger
192,"""0001961693""",CANNOT_INSERT_UPDATE_ACTIVATE_ENTITY:AccountTrigger
193,"""0003788677""",CANNOT_INSERT_UPDATE_ACTIVATE_ENTITY:AccountTrigger
194,"""0003681547""",CANNOT_INSERT_UPDATE_ACTIVATE_ENTITY:AccountTrigger
195,"""0003916589""",CANNOT_INSERT_UPDATE_ACTIVATE_ENTITY:AccountTrigger
196,"""0001940569""",CANNOT_INSERT_UPDATE_ACTIVATE_ENTITY:AccountTrigger
197,"""0003676868""",CANNOT_INSERT_UPDATE_ACTIVATE_ENTITY:AccountTrigger
198,"""0001270892""",CANNOT_INSERT_UPDATE_ACTIVATE_ENTITY:AccountTrigger
199,"""0001967692""",CANNOT_INSERT_UPDATE_ACTIVATE_ENTITY:AccountTrigger
200,"""0003683340""",DUPLICATE_VALUE:valor duplicado encontrado: CodigoC
201,"""0000210082""",FIELD_FILTER_VALIDATION_EXCEPTION:O Centro Forneced
202,"""0001937941""",DUPLICATE_VALUE:valor duplicado encontrado: CodigoC
203,"""0001936695""",DUPLICATE_VALUE:valor duplicado encontrado: CodigoC
204,"""0001968684""",DUPLICATE_VALUE:valor duplicado encontrado: CodigoC
205,"""0001937797""",DUPLICATE_VALUE:valor duplicado encontrado: CodigoC
206,"""0003600551""",DUPLICATE_VALUE:valor duplicado encontrado: CodigoC
207,"""0001270734""",DUPLICATE_VALUE:valor duplicado encontrado: CodigoC
208,"""0001938117""",DUPLICATE_VALUE:valor duplicado encontrado: CodigoC
209,"""0001200933""",DUPLICATE_VALUE:valor duplicado encontrado: CodigoC
210,"""0003624282""",DUPLICATE_VALUE:valor duplicado encontrado: CodigoC
211,"""0001938201""",DUPLICATE_VALUE:valor duplicado encontrado: CodigoC
212,"""0003670313""",DUPLICATE_VALUE:valor duplicado encontrado: CodigoC
213,"""0001938234""",DUPLICATE_VALUE:valor duplicado encontrado: CodigoC
214,"""0003681327""",DUPLICATE_VALUE:valor duplicado encontrado: CodigoC
215,"""0003674822""",DUPLICATE_VALUE:valor duplicado encontrado: CodigoC
216,"""0001966386""",DUPLICATE_VALUE:valor duplicado encontrado: CodigoC
217,"""0003600555""",DUPLICATE_VALUE:valor duplicado encontrado: CodigoC
218,"""0001952792""",DUPLICATE_VALUE:valor duplicado encontrado: CodigoC
219,"""0003600594""",DUPLICATE_VALUE:valor duplicado encontrado: CodigoC
220,"""0003651176""",DUPLICATE_VALUE:valor duplicado encontrado: CodigoC
221,"""0003603432""",DUPLICATE_VALUE:valor duplicado encontrado: CodigoC
222,"""0001235643""",DUPLICATE_VALUE:valor duplicado encontrado: CodigoC
223,"""0001937215""",DUPLICATE_VALUE:valor duplicado encontrado: CodigoC
224,"""0001937979""",DUPLICATE_VALUE:valor duplicado encontrado: CodigoC
225,"""0003565430""",DUPLICATE_VALUE:valor duplicado encontrado: CodigoC
226,"""0003712756""",DUPLICATE_VALUE:valor duplicado encontrado: CodigoC
227,"""0003603890""",DUPLICATE_VALUE:valor duplicado encontrado: CodigoC
228,"""0003544792""",DUPLICATE_VALUE:valor duplicado encontrado: CodigoC
229,"""0003752234""",DUPLICATE_VALUE:valor duplicado encontrado: CodigoC
230,"""0003758731""",DUPLICATE_VALUE:valor duplicado encontrado: CodigoC
231,"""0003761285""",DUPLICATE_VALUE:valor duplicado encontrado: CodigoC
232,"""0001937960""",DUPLICATE_VALUE:valor duplicado encontrado: CodigoC
233,"""0001937688""",DUPLICATE_VALUE:valor duplicado encontrado: CodigoC
234,"""0001937617""",DUPLICATE_VALUE:valor duplicado encontrado: CodigoC
235,"""0001937528""",DUPLICATE_VALUE:valor duplicado encontrado: CodigoC
236,"""0003636055""",DUPLICATE_VALUE:valor duplicado encontrado: CodigoC
237,"""0001289811""",DUPLICATE_VALUE:valor duplicado encontrado: CodigoC
238,"""0003603433""",DUPLICATE_VALUE:valor duplicado encontrado: CodigoC
239,"""0001938449""",DUPLICATE_VALUE:valor duplicado encontrado: CodigoC
240,"""0001964422""",DUPLICATE_VALUE:valor duplicado encontrado: CodigoC
241,"""0001938008""",DUPLICATE_VALUE:valor duplicado encontrado: CodigoC
242,"""0003571003""",DUPLICATE_VALUE:valor duplicado encontrado: CodigoC
243,"""0003729573""",DUPLICATE_VALUE:valor duplicado encontrado: CodigoC
244,"""0001936879""",DUPLICATE_VALUE:valor duplicado encontrado: CodigoC
245,"""0003365021""",DUPLICATE_VALUE:valor duplicado encontrado: CodigoC
246,"""0001936801""",DUPLICATE_VALUE:valor duplicado encontrado: CodigoC
247,"""0001937176""",DUPLICATE_VALUE:valor duplicado encontrado: CodigoC
248,"""0001943905""",DUPLICATE_VALUE:valor duplicado encontrado: CodigoC
249,"""0003603611""",DUPLICATE_VALUE:valor duplicado encontrado: CodigoC
250,"""0001305253""",DUPLICATE_VALUE:valor duplicado encontrado: CodigoC
251,"""0003603336""",DUPLICATE_VALUE:valor duplicado encontrado: CodigoC
252,"""0003603431""",DUPLICATE_VALUE:valor duplicado encontrado: CodigoC
253,"""0001938268""",DUPLICATE_VALUE:valor duplicado encontrado: CodigoC
254,"""0001937189""",DUPLICATE_VALUE:valor duplicado encontrado: CodigoC
255,"""0003583510""",DUPLICATE_VALUE:valor duplicado encontrado: CodigoC
256,"""0001228742""",DUPLICATE_VALUE:valor duplicado encontrado: CodigoC
257,"""0001938472""",DUPLICATE_VALUE:valor duplicado encontrado: CodigoC
258,"""0001937893""",DUPLICATE_VALUE:valor duplicado encontrado: CodigoC
259,"""0003637634""",DUPLICATE_VALUE:valor duplicado encontrado: CodigoC
260,"""0003676331""",DUPLICATE_VALUE:valor duplicado encontrado: CodigoC
261,"""0001936912""",DUPLICATE_VALUE:valor duplicado encontrado: CodigoC
262,"""0003758504""",DUPLICATE_VALUE:valor duplicado encontrado: CodigoC
263,"""0003750306""",DUPLICATE_VALUE:valor duplicado encontrado: CodigoC
264,"""0003603436""",DUPLICATE_VALUE:valor duplicado encontrado: CodigoC
265,"""0003676247""",DUPLICATE_VALUE:valor duplicado encontrado: CodigoC
266,"""0003560970""",DUPLICATE_VALUE:valor duplicado encontrado: CodigoC
267,"""0001937550""",DUPLICATE_VALUE:valor duplicado encontrado: CodigoC
268,"""0003720486""",DUPLICATE_VALUE:valor duplicado encontrado: CodigoC
269,"""0003611798""",DUPLICATE_VALUE:valor duplicado encontrado: CodigoC
270,"""0001937008""",DUPLICATE_VALUE:valor duplicado encontrado: CodigoC
271,"""0001937414""",DUPLICATE_VALUE:valor duplicado encontrado: CodigoC
272,"""0001937603""",DUPLICATE_VALUE:valor duplicado encontrado: CodigoC
273,"""0003603438""",DUPLICATE_VALUE:valor duplicado encontrado: CodigoC
274,"""0003710753""",DUPLICATE_VALUE:valor duplicado encontrado: CodigoC
275,"""0003754556""",DUPLICATE_VALUE:valor duplicado encontrado: CodigoC
276,"""0003702781""",DUPLICATE_VALUE:valor duplicado encontrado: CodigoC
277,"""0001937466""",DUPLICATE_VALUE:valor duplicado encontrado: CodigoC
278,"""0001938102""",DUPLICATE_VALUE:valor duplicado encontrado: CodigoC
279,"""0003682032""",DUPLICATE_VALUE:valor duplicado encontrado: CodigoC
280,"""0001976843""",DUPLICATE_VALUE:valor duplicado encontrado: CodigoC
281,"""0003664051""",DUPLICATE_VALUE:valor duplicado encontrado: CodigoC
282,"""0003629198""",DUPLICATE_VALUE:valor duplicado encontrado: CodigoC
283,"""0003728313""",DUPLICATE_VALUE:valor duplicado encontrado: CodigoC
284,"""0003540836""",DUPLICATE_VALUE:valor duplicado encontrado: CodigoC
285,"""0001964559""",DUPLICATE_VALUE:valor duplicado encontrado: CodigoC
286,"""0003755009""",DUPLICATE_VALUE:valor duplicado encontrado: CodigoC
287,"""0001937026""",DUPLICATE_VALUE:valor duplicado encontrado: CodigoC
288,"""0001938144""",DUPLICATE_VALUE:valor duplicado encontrado: CodigoC
289,"""0003573598""",DUPLICATE_VALUE:valor duplicado encontrado: CodigoC
290,"""0003551891""",DUPLICATE_VALUE:valor duplicado encontrado: CodigoC
291,"""0001938051""",DUPLICATE_VALUE:valor duplicado encontrado: CodigoC
292,"""0003581447""",DUPLICATE_VALUE:valor duplicado encontrado: CodigoC
293,"""0001938032""",DUPLICATE_VALUE:valor duplicado encontrado: CodigoC
294,"""0001970274""",DUPLICATE_VALUE:valor duplicado encontrado: CodigoC
295,"""0003603437""",DUPLICATE_VALUE:valor duplicado encontrado: CodigoC
296,"""0003682766""",DUPLICATE_VALUE:valor duplicado encontrado: CodigoC
297,"""0003248613""",DUPLICATE_VALUE:valor duplicado encontrado: CodigoC
298,"""0003565663""",DUPLICATE_VALUE:valor duplicado encontrado: CodigoC
299,"""0001937753""",DUPLICATE_VALUE:valor duplicado encontrado: CodigoC
300,"""0003699781""",DUPLICATE_VALUE:valor duplicado encontrado: CodigoC
301,"""0001937552""",DUPLICATE_VALUE:valor duplicado encontrado: CodigoC
302,"""0001950400""",DUPLICATE_VALUE:valor duplicado encontrado: CodigoC
303,"""0003577134""",DUPLICATE_VALUE:valor duplicado encontrado: CodigoC
304,"""0001937976""",DUPLICATE_VALUE:valor duplicado encontrado: CodigoC
305,"""0001938454""",DUPLICATE_VALUE:valor duplicado encontrado: CodigoC
306,"""0001937108""",DUPLICATE_VALUE:valor duplicado encontrado: CodigoC
307,"""0003593260""",DUPLICATE_VALUE:valor duplicado encontrado: CodigoC
308,"""0001079159""",DUPLICATE_VALUE:valor duplicado encontrado: CodigoC
309,"""0003600596""",DUPLICATE_VALUE:valor duplicado encontrado: CodigoC
310,"""0001143801""",DUPLICATE_VALUE:valor duplicado encontrado: CodigoC
311,"""0003764081""",DUPLICATE_VALUE:valor duplicado encontrado: CodigoC
312,"""0001937955""",DUPLICATE_VALUE:valor duplicado encontrado: CodigoC
313,"""0003617405""",DUPLICATE_VALUE:valor duplicado encontrado: CodigoC
314,"""0001936864""",DUPLICATE_VALUE:valor duplicado encontrado: CodigoC
315,"""0003552108""",DUPLICATE_VALUE:valor duplicado encontrado: CodigoC
316,"""0001936917""",DUPLICATE_VALUE:valor duplicado encontrado: CodigoC
317,"""0003595914""",DUPLICATE_VALUE:valor duplicado encontrado: CodigoC
318,"""0001937277""",DUPLICATE_VALUE:valor duplicado encontrado: CodigoC
319,"""0001937783""",DUPLICATE_VALUE:valor duplicado encontrado: CodigoC
320,"""0003593286""",DUPLICATE_VALUE:valor duplicado encontrado: CodigoC
321,"""0003635166""",DUPLICATE_VALUE:valor duplicado encontrado: CodigoC
322,"""0003626192""",DUPLICATE_VALUE:valor duplicado encontrado: CodigoC
323,"""0003712925""",DUPLICATE_VALUE:valor duplicado encontrado: CodigoC
324,"""0003702993""",DUPLICATE_VALUE:valor duplicado encontrado: CodigoC
325,"""0001938042""",DUPLICATE_VALUE:valor duplicado encontrado: CodigoC
326,"""0003739063""",DUPLICATE_VALUE:valor duplicado encontrado: CodigoC
327,"""0001956087""",DUPLICATE_VALUE:valor duplicado encontrado: CodigoC
328,"""0003645874""",DUPLICATE_VALUE:valor duplicado encontrado: CodigoC
329,"""0003584524""",DUPLICATE_VALUE:valor duplicado encontrado: CodigoC
330,"""0003673216""",DUPLICATE_VALUE:valor duplicado encontrado: CodigoC
331,"""0003677169""",DUPLICATE_VALUE:valor duplicado encontrado: CodigoC
332,"""0003603428""",DUPLICATE_VALUE:valor duplicado encontrado: CodigoC
333,"""0001936852""",DUPLICATE_VALUE:valor duplicado encontrado: CodigoC
334,"""0001967278""",FIELD_FILTER_VALIDATION_EXCEPTION:O Centro Forneced
335,"""0001937679""",DUPLICATE_VALUE:valor duplicado encontrado: CodigoC
336,"""0003604308""",DUPLICATE_VALUE:valor duplicado encontrado: CodigoC
337,"""0003729307""",DUPLICATE_VALUE:valor duplicado encontrado: CodigoC
338,"""0003605182""",DUPLICATE_VALUE:valor duplicado encontrado: CodigoC
339,"""0001937443""",DUPLICATE_VALUE:valor duplicado encontrado: CodigoC
340,"""0003575313""",DUPLICATE_VALUE:valor duplicado encontrado: CodigoC
341,"""0001938100""",DUPLICATE_VALUE:valor duplicado encontrado: CodigoC
342,"""0001936702""",DUPLICATE_VALUE:valor duplicado encontrado: CodigoC
343,"""0001938256""",DUPLICATE_VALUE:valor duplicado encontrado: CodigoC
344,"""0001937686""",DUPLICATE_VALUE:valor duplicado encontrado: CodigoC
345,"""0001936782""",DUPLICATE_VALUE:valor duplicado encontrado: CodigoC
346,"""0003604301""",DUPLICATE_VALUE:valor duplicado encontrado: CodigoC
